               epoch,      train/box_loss,      train/obj_loss,      train/cls_loss,   metrics/precision,      metrics/recall,     metrics/mAP_0.5,metrics/mAP_0.5:0.95,        val/box_loss,        val/obj_loss,        val/cls_loss,               x/lr0,               x/lr1,               x/lr2
                   0,             0.11208,            0.032187,            0.058369,           0.0013718,            0.048834,          0.00090754,          0.00025756,             0.10878,            0.025394,            0.058106,              0.0901,              0.0011,              0.0011
                   1,             0.10283,            0.031941,            0.054276,           0.0032934,             0.36735,            0.020275,            0.005098,            0.095229,             0.02555,            0.052918,            0.079277,           0.0022772,           0.0022772
                   2,            0.088076,            0.034534,            0.048518,           0.0048125,             0.64623,             0.21591,            0.058606,            0.077955,            0.027094,            0.045357,            0.068431,           0.0034307,           0.0034307
                   3,             0.07331,            0.036503,            0.040392,             0.72085,             0.28304,             0.30703,            0.092173,            0.068862,            0.026539,            0.036206,             0.05756,           0.0045604,           0.0045604
                   4,            0.069006,             0.03601,            0.031818,             0.66855,            0.098776,             0.11261,            0.035133,            0.070318,            0.023553,            0.028911,            0.046666,           0.0056664,           0.0056664
                   5,            0.069416,            0.031843,              0.0268,             0.68372,             0.19388,             0.14834,            0.048326,             0.06604,            0.021594,            0.024194,            0.035749,           0.0067485,           0.0067485
                   6,            0.067208,             0.03063,            0.021201,             0.73814,              0.2693,             0.34183,             0.13484,             0.05952,            0.018912,            0.020159,            0.024807,            0.007807,            0.007807
                   7,            0.067712,            0.025899,            0.018335,             0.69583,             0.52395,             0.39887,             0.15661,            0.069287,            0.016181,            0.018313,            0.013842,           0.0088416,           0.0088416
                   8,            0.072224,            0.022043,            0.016574,             0.65933,             0.52077,              0.3753,             0.11576,             0.06272,            0.015652,            0.015911,            0.009208,            0.009208,            0.009208
                   9,            0.066608,             0.02271,            0.016191,             0.69877,             0.52392,             0.42299,              0.1389,            0.056986,            0.015338,            0.014165,            0.009208,            0.009208,            0.009208
                  10,            0.061993,            0.023711,            0.014425,             0.76838,             0.28052,             0.26263,            0.091414,            0.060394,              0.0145,            0.012534,            0.009109,            0.009109,            0.009109
                  11,            0.060388,            0.020828,            0.013395,             0.63929,             0.54274,             0.50864,             0.19257,            0.055239,            0.014037,            0.011552,             0.00901,             0.00901,             0.00901
                  12,            0.058454,            0.022245,            0.011386,             0.72905,             0.54614,             0.50904,             0.24298,            0.056348,              0.0138,              0.0106,            0.008911,            0.008911,            0.008911
                  13,            0.054074,            0.021091,            0.012315,             0.70543,             0.57044,             0.54296,             0.19623,            0.050663,            0.013551,            0.009743,            0.008812,            0.008812,            0.008812
                  14,             0.05303,            0.020248,            0.010299,             0.79401,             0.57518,             0.58229,             0.27126,            0.048255,            0.013568,           0.0091553,            0.008713,            0.008713,            0.008713
                  15,            0.051752,             0.01881,            0.010484,             0.72404,             0.56863,             0.55265,              0.2506,             0.04588,            0.012681,           0.0095371,            0.008614,            0.008614,            0.008614
                  16,            0.051245,            0.019482,            0.010106,             0.67877,             0.54919,             0.52271,             0.23861,            0.044993,            0.012442,           0.0083772,            0.008515,            0.008515,            0.008515
                  17,            0.051964,            0.017288,           0.0091362,             0.87153,             0.56939,             0.68173,             0.34495,            0.042693,            0.012115,            0.007527,            0.008416,            0.008416,            0.008416
                  18,            0.048418,            0.019999,           0.0087543,             0.75673,             0.58569,             0.57787,              0.2544,            0.049856,            0.011625,            0.006973,            0.008317,            0.008317,            0.008317
                  19,            0.050946,            0.020933,           0.0088123,             0.87817,             0.58926,             0.68806,             0.34353,            0.039037,            0.011638,           0.0071169,            0.008218,            0.008218,            0.008218
                  20,            0.047659,            0.018647,           0.0074587,             0.86258,             0.60627,             0.69327,             0.33049,            0.041416,            0.011194,           0.0068752,            0.008119,            0.008119,            0.008119
                  21,            0.045806,            0.017712,           0.0076147,             0.82518,             0.62719,             0.69561,             0.35175,            0.043005,            0.010714,           0.0069609,             0.00802,             0.00802,             0.00802
                  22,            0.046955,            0.017764,           0.0074465,             0.85506,             0.60804,             0.68812,             0.35225,             0.04129,             0.01136,           0.0069788,            0.007921,            0.007921,            0.007921
                  23,            0.044874,            0.018028,            0.007841,             0.85898,             0.59801,             0.68596,             0.38713,            0.038863,             0.01024,           0.0067981,            0.007822,            0.007822,            0.007822
                  24,            0.043471,            0.017331,           0.0071269,             0.86066,             0.60914,              0.7003,             0.40418,            0.037878,             0.01037,           0.0062598,            0.007723,            0.007723,            0.007723
                  25,            0.042037,            0.016973,           0.0079174,             0.93896,             0.57609,             0.70971,             0.41185,            0.036037,            0.010313,           0.0058929,            0.007624,            0.007624,            0.007624
                  26,            0.042766,            0.017822,           0.0059634,             0.90372,             0.64402,              0.7189,             0.43831,            0.035589,            0.010098,           0.0053409,            0.007525,            0.007525,            0.007525
                  27,            0.041847,            0.016933,           0.0063294,             0.94655,             0.61714,             0.73777,             0.41406,            0.037226,           0.0099474,           0.0053224,            0.007426,            0.007426,            0.007426
                  28,             0.04042,            0.015184,           0.0066445,             0.92414,             0.60943,             0.71077,             0.36793,            0.042677,            0.010122,           0.0050912,            0.007327,            0.007327,            0.007327
                  29,             0.04255,            0.016136,           0.0063794,             0.95097,             0.63439,             0.73538,              0.4199,            0.036346,           0.0098547,           0.0048056,            0.007228,            0.007228,            0.007228
                  30,            0.041945,             0.01712,             0.00626,             0.87943,             0.61695,             0.70074,             0.35369,            0.038427,           0.0098207,           0.0047053,            0.007129,            0.007129,            0.007129
                  31,            0.039312,            0.014927,           0.0052638,             0.86377,             0.64007,             0.69142,             0.42809,            0.036159,           0.0095755,           0.0045597,             0.00703,             0.00703,             0.00703
                  32,            0.042017,             0.01713,           0.0056423,             0.90994,             0.64632,             0.73008,             0.43399,            0.036666,           0.0096868,           0.0045147,            0.006931,            0.006931,            0.006931
                  33,            0.039784,            0.015139,           0.0056148,             0.95879,             0.65562,             0.75685,             0.47516,            0.031799,           0.0097799,           0.0045061,            0.006832,            0.006832,            0.006832
                  34,             0.04096,            0.016792,            0.006307,             0.93913,             0.63799,             0.74993,              0.3821,             0.03932,             0.01011,           0.0046377,            0.006733,            0.006733,            0.006733
                  35,            0.039016,            0.016628,           0.0060032,             0.87337,             0.66582,             0.73217,             0.42837,            0.034949,            0.009565,            0.004746,            0.006634,            0.006634,            0.006634
                  36,            0.040106,             0.01513,           0.0047785,             0.91074,             0.64144,             0.74207,             0.44293,             0.03195,           0.0095202,            0.004571,            0.006535,            0.006535,            0.006535
                  37,            0.039153,            0.015334,           0.0063443,             0.95879,             0.64995,             0.76258,             0.43472,            0.030248,           0.0094819,           0.0044561,            0.006436,            0.006436,            0.006436
                  38,             0.03912,            0.015943,           0.0047747,             0.97617,             0.65995,             0.76514,             0.44982,            0.033198,           0.0092747,           0.0042947,            0.006337,            0.006337,            0.006337
                  39,            0.037534,            0.016912,           0.0056183,             0.97664,              0.6582,             0.76772,              0.4847,            0.033521,           0.0092526,           0.0043032,            0.006238,            0.006238,            0.006238
                  40,            0.037108,            0.015183,           0.0052396,             0.96836,             0.65954,             0.77626,             0.49007,            0.030019,           0.0091532,           0.0042514,            0.006139,            0.006139,            0.006139
                  41,             0.03662,            0.016276,           0.0048056,             0.97813,             0.66554,             0.81378,             0.52393,             0.02984,           0.0091873,           0.0042529,             0.00604,             0.00604,             0.00604
                  42,            0.036297,            0.014644,           0.0051088,             0.98351,             0.66358,             0.80476,             0.46885,             0.03266,           0.0091548,           0.0043913,            0.005941,            0.005941,            0.005941
                  43,            0.036337,            0.015898,           0.0052619,             0.96645,             0.66527,             0.83595,             0.54676,            0.029692,           0.0091839,           0.0043002,            0.005842,            0.005842,            0.005842
                  44,            0.035959,            0.017167,           0.0041877,             0.97664,             0.66879,             0.80835,             0.48109,            0.032274,           0.0091516,           0.0041459,            0.005743,            0.005743,            0.005743
                  45,             0.03696,            0.015597,           0.0056575,             0.83313,             0.75015,             0.79471,             0.50353,            0.029707,           0.0092268,           0.0041154,            0.005644,            0.005644,            0.005644
                  46,             0.03458,            0.016452,           0.0059069,             0.95349,             0.65896,             0.79662,             0.49043,            0.028519,           0.0090655,           0.0041065,            0.005545,            0.005545,            0.005545
                  47,            0.033495,            0.015225,           0.0052906,             0.97736,             0.67245,             0.81728,             0.52644,            0.027242,           0.0088585,           0.0042595,            0.005446,            0.005446,            0.005446
                  48,            0.034899,             0.01478,           0.0052359,             0.87476,             0.74841,             0.82885,             0.51212,            0.027873,           0.0090023,             0.00406,            0.005347,            0.005347,            0.005347
                  49,            0.033664,            0.016296,            0.004221,             0.91981,             0.73902,               0.835,             0.55445,            0.026083,           0.0088865,           0.0038351,            0.005248,            0.005248,            0.005248
                  50,             0.03413,            0.015555,           0.0039811,             0.92726,             0.73633,             0.84315,             0.50864,            0.029143,           0.0087573,           0.0035762,            0.005149,            0.005149,            0.005149
                  51,            0.034439,            0.016081,            0.004699,             0.94537,             0.73961,             0.83563,             0.55579,            0.028402,           0.0086356,           0.0034498,             0.00505,             0.00505,             0.00505
                  52,            0.032591,            0.015529,           0.0044277,             0.92707,             0.74524,             0.81645,             0.52757,            0.027109,           0.0086419,           0.0034016,            0.004951,            0.004951,            0.004951
                  53,            0.032389,            0.015043,            0.004617,             0.92765,             0.74287,             0.80329,             0.50711,            0.028422,           0.0084552,           0.0033845,            0.004852,            0.004852,            0.004852
                  54,            0.032838,            0.014593,           0.0050805,             0.93956,             0.74995,             0.80069,             0.55038,            0.025689,           0.0084549,            0.003257,            0.004753,            0.004753,            0.004753
                  55,            0.033143,            0.015515,           0.0043694,             0.93854,             0.74729,             0.81294,             0.56593,            0.025603,            0.008407,           0.0031294,            0.004654,            0.004654,            0.004654
                  56,             0.03152,            0.016196,           0.0049362,             0.93456,             0.74812,              0.8168,             0.53058,            0.026789,           0.0085037,           0.0031177,            0.004555,            0.004555,            0.004555
                  57,            0.031621,            0.014909,           0.0036584,             0.92811,             0.75104,              0.8272,             0.52476,            0.028454,           0.0085118,           0.0031205,            0.004456,            0.004456,            0.004456
                  58,             0.03204,            0.014913,           0.0039484,             0.93178,             0.74815,             0.83964,             0.57161,            0.026277,           0.0083313,           0.0031495,            0.004357,            0.004357,            0.004357
                  59,            0.032044,            0.014835,           0.0043781,             0.93996,              0.7493,               0.868,             0.58935,            0.024778,           0.0082199,           0.0031438,            0.004258,            0.004258,            0.004258
                  60,            0.030939,            0.014502,           0.0042837,             0.95476,             0.75293,             0.86943,              0.5838,            0.025925,            0.008278,            0.003104,            0.004159,            0.004159,            0.004159
                  61,            0.029935,            0.013214,           0.0034573,             0.96111,              0.7536,             0.87094,             0.59395,            0.024248,           0.0082666,           0.0030159,             0.00406,             0.00406,             0.00406
                  62,            0.030801,            0.015125,           0.0035661,             0.95329,              0.7556,             0.87441,             0.58942,            0.025358,           0.0082133,           0.0030105,            0.003961,            0.003961,            0.003961
                  63,            0.030662,            0.014381,           0.0044524,             0.95995,             0.75559,             0.87477,             0.61152,            0.024308,           0.0080937,           0.0029764,            0.003862,            0.003862,            0.003862
                  64,             0.03105,            0.014249,           0.0046225,             0.96867,              0.7556,             0.87068,             0.59537,            0.024595,           0.0081645,           0.0029704,            0.003763,            0.003763,            0.003763
                  65,            0.028886,            0.014242,            0.003485,             0.97569,             0.75446,              0.8679,              0.6121,             0.02412,            0.008025,           0.0029703,            0.003664,            0.003664,            0.003664
                  66,            0.029146,            0.015334,           0.0039068,              0.9799,             0.75378,             0.86894,             0.61203,            0.023294,           0.0080304,           0.0029936,            0.003565,            0.003565,            0.003565
                  67,            0.028967,            0.013565,            0.003455,             0.97465,             0.75081,             0.86865,             0.58048,             0.02469,           0.0081632,           0.0029528,            0.003466,            0.003466,            0.003466
                  68,            0.029521,            0.013227,           0.0041996,              0.9313,             0.74692,             0.86211,             0.55826,            0.024262,           0.0081168,           0.0029121,            0.003367,            0.003367,            0.003367
                  69,            0.029959,            0.014913,            0.004074,             0.97838,             0.74831,             0.87277,             0.57431,            0.023876,           0.0079309,           0.0028511,            0.003268,            0.003268,            0.003268
                  70,            0.028828,            0.014466,           0.0031072,             0.96531,             0.74945,               0.884,              0.5915,            0.022933,           0.0079195,           0.0027555,            0.003169,            0.003169,            0.003169
                  71,            0.028055,            0.014517,           0.0037164,             0.98504,             0.74591,             0.88688,             0.63556,            0.021832,           0.0078306,           0.0026989,             0.00307,             0.00307,             0.00307
                  72,            0.027239,            0.014323,            0.003121,             0.98893,             0.75134,             0.88626,             0.61354,            0.022793,           0.0080422,           0.0026613,            0.002971,            0.002971,            0.002971
                  73,            0.027808,             0.01408,            0.003621,              0.9873,             0.74792,             0.88845,             0.62467,            0.022249,            0.007947,             0.00271,            0.002872,            0.002872,            0.002872
                  74,            0.027407,            0.013283,            0.002948,             0.98066,             0.74778,             0.88728,             0.62319,             0.02295,           0.0079467,           0.0027497,            0.002773,            0.002773,            0.002773
                  75,            0.026884,            0.014636,           0.0032344,             0.97549,             0.75502,              0.9019,              0.6486,            0.021702,           0.0078176,           0.0026453,            0.002674,            0.002674,            0.002674
                  76,            0.026608,            0.013323,           0.0028968,             0.98347,             0.75234,             0.89642,             0.66253,            0.020573,           0.0076826,           0.0025542,            0.002575,            0.002575,            0.002575
                  77,            0.026166,            0.013706,           0.0036071,             0.98438,             0.75149,             0.89388,              0.6515,            0.021765,           0.0076781,           0.0025471,            0.002476,            0.002476,            0.002476
                  78,            0.026449,            0.013162,           0.0032574,             0.98207,             0.74721,             0.89775,             0.65697,            0.020852,           0.0076984,           0.0025187,            0.002377,            0.002377,            0.002377
                  79,            0.026276,            0.013541,           0.0025957,             0.96416,             0.77749,             0.91188,               0.666,            0.020589,           0.0076252,            0.002465,            0.002278,            0.002278,            0.002278
                  80,            0.026141,            0.013362,           0.0030464,             0.98853,             0.74691,              0.9002,             0.67521,            0.020157,           0.0076082,           0.0024555,            0.002179,            0.002179,            0.002179
                  81,            0.024014,            0.013057,           0.0025798,             0.99146,             0.74707,             0.89174,             0.64809,            0.020578,           0.0076381,           0.0023851,             0.00208,             0.00208,             0.00208
                  82,            0.026078,            0.013041,           0.0034881,             0.98726,             0.74535,             0.89386,             0.66364,             0.02065,            0.007606,           0.0023587,            0.001981,            0.001981,            0.001981
                  83,            0.024868,            0.012881,           0.0032334,             0.98116,             0.74837,             0.89969,             0.66468,            0.020538,           0.0075315,           0.0023426,            0.001882,            0.001882,            0.001882
                  84,            0.024607,            0.012431,           0.0027729,             0.98097,             0.74499,             0.89775,             0.67269,            0.019131,           0.0074426,           0.0023075,            0.001783,            0.001783,            0.001783
                  85,             0.02508,             0.01294,            0.003273,             0.98552,             0.74376,             0.90214,             0.67948,            0.020113,           0.0074473,           0.0022394,            0.001684,            0.001684,            0.001684
                  86,            0.025334,            0.013317,           0.0025815,             0.98773,             0.74412,             0.90899,             0.68178,            0.019305,           0.0073991,           0.0021885,            0.001585,            0.001585,            0.001585
                  87,            0.023875,            0.011576,            0.002486,             0.98472,             0.74568,             0.91622,             0.69159,            0.019045,           0.0073379,           0.0021529,            0.001486,            0.001486,            0.001486
                  88,            0.023753,            0.011531,           0.0028178,             0.83181,             0.80631,             0.92234,             0.69712,            0.019378,           0.0073442,           0.0021295,            0.001387,            0.001387,            0.001387
                  89,            0.023585,            0.012629,           0.0031719,             0.98245,              0.7472,             0.92224,             0.69974,            0.018707,           0.0072777,           0.0020994,            0.001288,            0.001288,            0.001288
                  90,            0.024922,            0.013101,           0.0038245,             0.98223,             0.74715,             0.92197,             0.72245,            0.018239,           0.0072164,           0.0020755,            0.001189,            0.001189,            0.001189
                  91,            0.023229,            0.012683,           0.0024856,             0.98372,              0.7458,             0.92208,             0.72342,            0.018251,           0.0072211,            0.002051,             0.00109,             0.00109,             0.00109
                  92,            0.022909,            0.011986,            0.002408,             0.97979,             0.74961,             0.92211,             0.71163,            0.018046,           0.0071912,           0.0020323,            0.000991,            0.000991,            0.000991
                  93,            0.022519,             0.01366,            0.002768,              0.8264,             0.85203,             0.92902,             0.72646,            0.017838,           0.0071817,           0.0020063,            0.000892,            0.000892,            0.000892
                  94,            0.023086,            0.011568,           0.0029325,             0.84245,             0.85166,             0.92829,             0.71395,            0.017936,           0.0071767,           0.0019831,            0.000793,            0.000793,            0.000793
                  95,            0.023219,            0.012973,           0.0024632,             0.84584,             0.85163,               0.929,             0.71587,            0.017762,           0.0071365,            0.001962,            0.000694,            0.000694,            0.000694
                  96,            0.022643,            0.013387,           0.0031147,             0.97257,             0.78117,               0.929,             0.72938,            0.017495,           0.0071124,           0.0019435,            0.000595,            0.000595,            0.000595
                  97,            0.022288,            0.013144,           0.0020954,             0.97635,             0.77807,             0.93592,             0.72902,            0.017507,           0.0071064,           0.0019309,            0.000496,            0.000496,            0.000496
                  98,            0.022152,            0.013636,           0.0023512,             0.97456,             0.77982,             0.93605,             0.73151,            0.017248,           0.0070698,           0.0019243,            0.000397,            0.000397,            0.000397
                  99,            0.022722,            0.013613,           0.0030181,             0.97397,             0.78003,             0.93606,             0.74057,            0.017231,           0.0070526,           0.0019154,            0.000298,            0.000298,            0.000298
